DisplayName,UserPrincipalName,Password,MailNickname,Group
Anne Butcher,anne.butcher@spolastrelive.onmicrosoft.com,P@ssword4560!,anne.butcher,Villagers
John Farmer,john.farmer@spolastrelive.onmicrosoft.com,P@ssword4560!,john.farmer,Villagers
Tom Armorer,tom.armorer@spolastrelive.onmicrosoft.com,P@ssword4560!,tom.armorer,Villagers
Rob Ender,rob.ender@spolastrelive.onmicrosoft.com,P@ssword4560!,rob.ender,Endermen
Lucy Ender,lucy.ender@spolastrelive.onmicrosoft.com,P@ssword4560!,lucy.ender,Endermen
Izzy Ender,izzy.ender@spolastrelive.onmicrosoft.com,P@ssword4560!,izzy.ender,Endermen
Tom Piglin,tom.piglin@spolastrelive.onmicrosoft.com,P@ssword4560!,tom.piglin,Piglins
Alan Piglin,alan.piglin@spolastrelive.onmicrosoft.com,P@ssword4560!,alan.piglin,Piglins